<!--
 Licensed to the Apache Software Foundation (ASF) under one or more
 contributor license agreements.  See the NOTICE file distributed with
 this work for additional information regarding copyright ownership.
 The ASF licenses this file to You under the Apache License, Version 2.0
 (the "License"); you may not use this file except in compliance with
 the License.  You may obtain a copy of the License at

     http://www.apache.org/licenses/LICENSE-2.0

 Unless required by applicable law or agreed to in writing, software
 distributed under the License is distributed on an "AS IS" BASIS,
 WITHOUT WARRANTIES OR CONDITIONS OF ANY KIND, either express or implied.
 See the License for the specific language governing permissions and
 limitations under the License.
-->

<add>
<doc>
  <field name="id">SP2514N</field>
  <field name="name">Samsung SpinPoint P120 SP2514N - hard drive - 250 GB - ATA-133</field>
  <field name="manu">Samsung Electronics Co. Ltd.</field>
  <!-- Join -->
  <field name="manu_id_s">samsung</field>
  <field name="cat">electronics</field>
  <field name="cat">computers</field>
  <field name="cat">storage</field>
  <field name="features">7200RPM, 8MB cache, IDE Ultra ATA-133</field>
  <field name="features">NoiseGuard, SilentSeek technology, Fluid Dynamic Bearing (FDB) motor</field>
  <field name="price">92</field>
  <field name="popularity">6</field>
  <field name="inStock">true</field>
  <field name="manufacturedate_dt">2006-02-13T15:26:37Z</field>
  <!-- Near Oklahoma city -->
  <field name="store">35.0752,-97.032</field>
  <field name="doctype">product</field>
</doc>
<doc>
  <field name="id">6H500F0</field>
  <field name="name">Maxtor DiamondMax 11 - hard drive - 500 GB - SATA-300</field>
  <field name="manu">Maxtor Corp.</field>
  <!-- Join -->
  <field name="manu_id_s">maxtor</field>
  <field name="cat">electronics</field>
  <field name="cat">computers</field>
  <field name="features">SATA 3.0Gb/s, NCQ</field>
  <field name="features">8.5ms seek</field>
  <field name="features">16MB cache</field>
  <field name="price">350</field>
  <field name="popularity">6</field>
  <field name="inStock">true</field>
  <!-- Buffalo store -->
  <field name="store">35.17614,-97.87341</field>
  <field name="manufacturedate_dt">2006-02-13T15:26:37Z</field>
  <field name="doctype">product</field>
</doc>
</add>

