<!--
 Licensed to the Apache Software Foundation (ASF) under one or more
 contributor license agreements.  See the NOTICE file distributed with
 this work for additional information regarding copyright ownership.
 The ASF licenses this file to You under the Apache License, Version 2.0
 (the "License"); you may not use this file except in compliance with
 the License.  You may obtain a copy of the License at

     http://www.apache.org/licenses/LICENSE-2.0

 Unless required by applicable law or agreed to in writing, software
 distributed under the License is distributed on an "AS IS" BASIS,
 WITHOUT WARRANTIES OR CONDITIONS OF ANY KIND, either express or implied.
 See the License for the specific language governing permissions and
 limitations under the License.
-->

<add><doc>
  <field name="id">AB100AV</field>
  <field name="name">Dell AB100 - flat panel display - LED - 21"</field>
  <field name="manu">Dell, Inc.</field>
  <!-- Join -->
  <field name="manu_id_s">dell</field>
  <field name="cat">electronics</field>
  <field name="cat">computers</field>
  <field name="cat">peripherals</field>
  <field name="cat">video</field>
  <field name="features">21" active matrix LED, 4ms response time, 1600 x 1200 native resolution</field>
  <field name="weight">140.2</field>
  <field name="price">189.95</field>
  <field name="popularity">7</field>
  <field name="inStock">true</field>
  <!-- Buffalo store -->
  <field name="store">35.49,-97.6088</field>
  <field name="doctype">product</field>
</doc></add>

