<!--
 Licensed to the Apache Software Foundation (ASF) under one or more
 contributor license agreements.  See the NOTICE file distributed with
 this work for additional information regarding copyright ownership.
 The ASF licenses this file to You under the Apache License, Version 2.0
 (the "License"); you may not use this file except in compliance with
 the License.  You may obtain a copy of the License at

     http://www.apache.org/licenses/LICENSE-2.0

 Unless required by applicable law or agreed to in writing, software
 distributed under the License is distributed on an "AS IS" BASIS,
 WITHOUT WARRANTIES OR CONDITIONS OF ANY KIND, either express or implied.
 See the License for the specific language governing permissions and
 limitations under the License.
-->

<add><doc>
  <field name="id">5000WFP</field>
  <field name="name">Dell 5000WFP Monitor</field>
  <field name="manu">Dell, Inc.</field>
  <!-- Join -->
  <field name="manu_id_s">dell</field>
  <field name="cat">electronics</field>
  <field name="cat">computers</field>
  <field name="cat">peripherals</field>
  <field name="cat">video</field>
  <field name="features">42" LED, 2560 x 1600, .40mm dot pitch, 900:1 contrast</field>
  <field name="includes">HDMI cable</field>
  <field name="weight">501.6</field>
  <field name="price">2779</field>
  <field name="popularity">7</field>
  <field name="inStock">true</field>
  <!-- Buffalo store -->
  <field name="store">35.515304,-97.4859107</field>
  <field name="doctype">product</field>
</doc></add>

