<config xmlns='http://www.ehcache.org/v3'
		xmlns:xsi="http://www.w3.org/2001/XMLSchema-instance"
		xmlns:jsr107="http://www.ehcache.org/v3/jsr107"
		xsi:schemaLocation="http://www.ehcache.org/v3 http://www.ehcache.org/schema/ehcache-core-3.0.xsd
							http://www.ehcache.org/v3/jsr107 http://www.ehcache.org/schema/ehcache-107-ext-3.0.xsd">
	<cache alias="posts">
		<expiry>
			<!-- Cache Posts by ID and PostName for 10 minutes -->
			<ttl unit="seconds">600</ttl>
		</expiry>
		<heap unit="entries">1000</heap>
		<jsr107:mbeans enable-statistics="true"/>
	</cache>
	<cache alias="pagedPosts">
		<expiry>
			<!-- Cache Pages Posts for 10 minutes -->
			<ttl unit="seconds">600</ttl>
		</expiry>
		<heap unit="entries">1000</heap>
		<jsr107:mbeans enable-statistics="true"/>
	</cache>
	<cache alias="githubStats">
		<expiry>
			<!-- Cache Github Stats for 60 minutes -->
			<ttl unit="seconds">3600</ttl>
		</expiry>
		<heap unit="entries">100</heap>
		<jsr107:mbeans enable-statistics="true"/>
	</cache>

</config>