<configuration>
    <statusListener class="ch.qos.logback.core.status.NopStatusListener" />
    <contextListener class="ch.qos.logback.classic.jul.LevelChangePropagator">
        <resetJUL>true</resetJUL>
    </contextListener>

    <!-- To enable JMX Management -->
    <jmxConfigurator/>

    <appender name="console" class="ch.qos.logback.core.ConsoleAppender">
        <encoder>
            <pattern>%.-1level|MAIL|%-30.30logger{0}|%msg%n</pattern>
        </encoder>
    </appender>

    <logger name="com.nixmash.springdata" level="info"/>
    <logger name="org.freemarker" level="off" />

    <!--<include resource="logJpaToFile.xml" />-->

    <root level="OFF">
        <appender-ref ref="console"/>
    </root>
</configuration>
